spec_id,baseline_path,llm_path,provider,model,strategy
BufferedInputStream_SynchronizedFill,nl2spec\datasets\baseline_ir\io\BufferedInputStream_SynchronizedFill.json,nl2spec\output\llm\mock\mock-model\random\few_k3\io\ere\BufferedInputStream_SynchronizedFill.json,mock,mock-model,random
ByteArrayOutputStream_FlushBeforeRetrieve,nl2spec\datasets\baseline_ir\io\ByteArrayOutputStream_FlushBeforeRetrieve.json,nl2spec\output\llm\mock\mock-model\random\few_k3\net\fsm\ByteArrayOutputStream_FlushBeforeRetrieve.json,mock,mock-model,random
Closeable_MeaninglessClose,nl2spec\datasets\baseline_ir\io\Closeable_MeaninglessClose.json,nl2spec\output\llm\mock\mock-model\random\few_k3\util\event\Closeable_MeaninglessClose.json,mock,mock-model,random
Closeable_MultipleClose,nl2spec\datasets\baseline_ir\io\Closeable_MultipleClose.json,nl2spec\output\llm\mock\mock-model\random\few_k3\net\ere\Closeable_MultipleClose.json,mock,mock-model,random
Console_CloseReader,nl2spec\datasets\baseline_ir\io\Console_CloseReader.json,nl2spec\output\llm\mock\mock-model\random\few_k3\util\ere\Console_CloseReader.json,mock,mock-model,random
Console_CloseWriter,nl2spec\datasets\baseline_ir\io\Console_CloseWriter.json,nl2spec\output\llm\mock\mock-model\random\few_k3\lang\ere\Console_CloseWriter.json,mock,mock-model,random
Console_FillZeroPassword,nl2spec\datasets\baseline_ir\io\Console_FillZeroPassword.json,nl2spec\output\llm\mock\mock-model\random\few_k3\lang\ltl\Console_FillZeroPassword.json,mock,mock-model,random
File_DeleteTempFile,nl2spec\datasets\baseline_ir\io\File_DeleteTempFile.json,nl2spec\output\llm\mock\mock-model\random\few_k3\net\ltl\File_DeleteTempFile.json,mock,mock-model,random
File_LengthOnDirectory,nl2spec\datasets\baseline_ir\io\File_LengthOnDirectory.json,nl2spec\output\llm\mock\mock-model\random\few_k3\util\event\File_LengthOnDirectory.json,mock,mock-model,random
InputStream_ManipulateAfterClose,nl2spec\datasets\baseline_ir\io\InputStream_ManipulateAfterClose.json,nl2spec\output\llm\mock\mock-model\random\few_k3\net\ere\InputStream_ManipulateAfterClose.json,mock,mock-model,random
InputStream_MarkAfterClose,nl2spec\datasets\baseline_ir\io\InputStream_MarkAfterClose.json,nl2spec\output\llm\mock\mock-model\random\few_k3\lang\ere\InputStream_MarkAfterClose.json,mock,mock-model,random
InputStream_MarkReset,nl2spec\datasets\baseline_ir\io\InputStream_MarkReset.json,nl2spec\output\llm\mock\mock-model\random\few_k3\net\event\InputStream_MarkReset.json,mock,mock-model,random
InputStream_ReadAheadLimit,nl2spec\datasets\baseline_ir\io\InputStream_ReadAheadLimit.json,nl2spec\output\llm\mock\mock-model\random\few_k3\util\ere\InputStream_ReadAheadLimit.json,mock,mock-model,random
InputStream_UnmarkedReset,nl2spec\datasets\baseline_ir\io\InputStream_UnmarkedReset.json,nl2spec\output\llm\mock\mock-model\random\few_k3\io\ere\InputStream_UnmarkedReset.json,mock,mock-model,random
ObjectInput_Close,nl2spec\datasets\baseline_ir\io\ObjectInput_Close.json,nl2spec\output\llm\mock\mock-model\random\few_k3\lang\ltl\ObjectInput_Close.json,mock,mock-model,random
ObjectOutput_Close,nl2spec\datasets\baseline_ir\io\ObjectOutput_Close.json,nl2spec\output\llm\mock\mock-model\random\few_k3\net\ltl\ObjectOutput_Close.json,mock,mock-model,random
ObjectStreamClass_Initialize,nl2spec\datasets\baseline_ir\io\ObjectStreamClass_Initialize.json,nl2spec\output\llm\mock\mock-model\random\few_k3\lang\ltl\ObjectStreamClass_Initialize.json,mock,mock-model,random
OutputStream_ManipulateAfterClose,nl2spec\datasets\baseline_ir\io\OutputStream_ManipulateAfterClose.json,nl2spec\output\llm\mock\mock-model\random\few_k3\util\ere\OutputStream_ManipulateAfterClose.json,mock,mock-model,random
PipedInputStream_UnconnectedRead,nl2spec\datasets\baseline_ir\io\PipedInputStream_UnconnectedRead.json,nl2spec\output\llm\mock\mock-model\random\few_k3\net\fsm\PipedInputStream_UnconnectedRead.json,mock,mock-model,random
PipedOutputStream_UnconnectedWrite,nl2spec\datasets\baseline_ir\io\PipedOutputStream_UnconnectedWrite.json,nl2spec\output\llm\mock\mock-model\random\few_k3\net\fsm\PipedOutputStream_UnconnectedWrite.json,mock,mock-model,random
PipedStream_SingleThread,nl2spec\datasets\baseline_ir\io\PipedStream_SingleThread.json,nl2spec\output\llm\mock\mock-model\random\few_k3\io\ere\PipedStream_SingleThread.json,mock,mock-model,random
PushbackInputStream_UnreadAheadLimit,nl2spec\datasets\baseline_ir\io\PushbackInputStream_UnreadAheadLimit.json,nl2spec\output\llm\mock\mock-model\random\few_k3\lang\ere\PushbackInputStream_UnreadAheadLimit.json,mock,mock-model,random
RandomAccessFile_ManipulateAfterClose,nl2spec\datasets\baseline_ir\io\RandomAccessFile_ManipulateAfterClose.json,nl2spec\output\llm\mock\mock-model\random\few_k3\lang\ere\RandomAccessFile_ManipulateAfterClose.json,mock,mock-model,random
Reader_ManipulateAfterClose,nl2spec\datasets\baseline_ir\io\Reader_ManipulateAfterClose.json,nl2spec\output\llm\mock\mock-model\random\few_k3\io\ere\Reader_ManipulateAfterClose.json,mock,mock-model,random
Reader_MarkReset,nl2spec\datasets\baseline_ir\io\Reader_MarkReset.json,nl2spec\output\llm\mock\mock-model\random\few_k3\util\event\Reader_MarkReset.json,mock,mock-model,random
Reader_ReadAheadLimit,nl2spec\datasets\baseline_ir\io\Reader_ReadAheadLimit.json,nl2spec\output\llm\mock\mock-model\random\few_k3\lang\ere\Reader_ReadAheadLimit.json,mock,mock-model,random
Reader_UnmarkedReset,nl2spec\datasets\baseline_ir\io\Reader_UnmarkedReset.json,nl2spec\output\llm\mock\mock-model\random\few_k3\net\ere\Reader_UnmarkedReset.json,mock,mock-model,random
Serializable_NoArgConstructor,nl2spec\datasets\baseline_ir\io\Serializable_NoArgConstructor.json,nl2spec\output\llm\mock\mock-model\random\few_k3\net\event\Serializable_NoArgConstructor.json,mock,mock-model,random
Serializable_UID,nl2spec\datasets\baseline_ir\io\Serializable_UID.json,nl2spec\output\llm\mock\mock-model\random\few_k3\util\event\Serializable_UID.json,mock,mock-model,random
StreamTokenizer_AccessInvalidField,nl2spec\datasets\baseline_ir\io\StreamTokenizer_AccessInvalidField.json,nl2spec\output\llm\mock\mock-model\random\few_k3\util\fsm\StreamTokenizer_AccessInvalidField.json,mock,mock-model,random
Writer_ManipulateAfterClose,nl2spec\datasets\baseline_ir\io\Writer_ManipulateAfterClose.json,nl2spec\output\llm\mock\mock-model\random\few_k3\lang\ere\Writer_ManipulateAfterClose.json,mock,mock-model,random
Appendable_ThreadSafe,nl2spec\datasets\baseline_ir\lang\Appendable_ThreadSafe.json,nl2spec\output\llm\mock\mock-model\random\few_k3\net\ere\Appendable_ThreadSafe.json,mock,mock-model,random
Boolean_StaticFactory,nl2spec\datasets\baseline_ir\lang\Boolean_StaticFactory.json,nl2spec\output\llm\mock\mock-model\random\few_k3\io\event\Boolean_StaticFactory.json,mock,mock-model,random
Byte_BadDecodeArg,nl2spec\datasets\baseline_ir\lang\Byte_BadDecodeArg.json,nl2spec\output\llm\mock\mock-model\random\few_k3\lang\event\Byte_BadDecodeArg.json,mock,mock-model,random
Byte_BadParsingArgs,nl2spec\datasets\baseline_ir\lang\Byte_BadParsingArgs.json,nl2spec\output\llm\mock\mock-model\random\few_k3\util\event\Byte_BadParsingArgs.json,mock,mock-model,random
Byte_StaticFactory,nl2spec\datasets\baseline_ir\lang\Byte_StaticFactory.json,nl2spec\output\llm\mock\mock-model\random\few_k3\net\event\Byte_StaticFactory.json,mock,mock-model,random
Character_StaticFactory,nl2spec\datasets\baseline_ir\lang\Character_StaticFactory.json,nl2spec\output\llm\mock\mock-model\random\few_k3\io\event\Character_StaticFactory.json,mock,mock-model,random
Character_ValidateChar,nl2spec\datasets\baseline_ir\lang\Character_ValidateChar.json,nl2spec\output\llm\mock\mock-model\random\few_k3\io\event\Character_ValidateChar.json,mock,mock-model,random
CharSequence_NotInMap,nl2spec\datasets\baseline_ir\lang\CharSequence_NotInMap.json,nl2spec\output\llm\mock\mock-model\random\few_k3\util\event\CharSequence_NotInMap.json,mock,mock-model,random
CharSequence_NotInSet,nl2spec\datasets\baseline_ir\lang\CharSequence_NotInSet.json,nl2spec\output\llm\mock\mock-model\random\few_k3\net\event\CharSequence_NotInSet.json,mock,mock-model,random
CharSequence_UndefinedHashCode,nl2spec\datasets\baseline_ir\lang\CharSequence_UndefinedHashCode.json,nl2spec\output\llm\mock\mock-model\random\few_k3\net\event\CharSequence_UndefinedHashCode.json,mock,mock-model,random
ClassLoader_UnsafeClassDefinition,nl2spec\datasets\baseline_ir\lang\ClassLoader_UnsafeClassDefinition.json,nl2spec\output\llm\mock\mock-model\random\few_k3\io\event\ClassLoader_UnsafeClassDefinition.json,mock,mock-model,random
Comparable_CompareToNull,nl2spec\datasets\baseline_ir\lang\Comparable_CompareToNull.json,nl2spec\output\llm\mock\mock-model\random\few_k3\lang\event\Comparable_CompareToNull.json,mock,mock-model,random
Comparable_CompareToNullException,nl2spec\datasets\baseline_ir\lang\Comparable_CompareToNullException.json,nl2spec\output\llm\mock\mock-model\random\few_k3\io\event\Comparable_CompareToNullException.json,mock,mock-model,random
Double_StaticFactory,nl2spec\datasets\baseline_ir\lang\Double_StaticFactory.json,nl2spec\output\llm\mock\mock-model\random\few_k3\net\event\Double_StaticFactory.json,mock,mock-model,random
Enum_NoExtraWhiteSpace,nl2spec\datasets\baseline_ir\lang\Enum_NoExtraWhiteSpace.json,nl2spec\output\llm\mock\mock-model\random\few_k3\util\event\Enum_NoExtraWhiteSpace.json,mock,mock-model,random
Enum_NoOrdinal,nl2spec\datasets\baseline_ir\lang\Enum_NoOrdinal.json,nl2spec\output\llm\mock\mock-model\random\few_k3\net\event\Enum_NoOrdinal.json,mock,mock-model,random
Enum_UserFriendlyName,nl2spec\datasets\baseline_ir\lang\Enum_UserFriendlyName.json,nl2spec\output\llm\mock\mock-model\random\few_k3\util\event\Enum_UserFriendlyName.json,mock,mock-model,random
Float_StaticFactory,nl2spec\datasets\baseline_ir\lang\Float_StaticFactory.json,nl2spec\output\llm\mock\mock-model\random\few_k3\lang\event\Float_StaticFactory.json,mock,mock-model,random
Integer_BadDecodeArg,nl2spec\datasets\baseline_ir\lang\Integer_BadDecodeArg.json,nl2spec\output\llm\mock\mock-model\random\few_k3\io\event\Integer_BadDecodeArg.json,mock,mock-model,random
Integer_StaticFactory,nl2spec\datasets\baseline_ir\lang\Integer_StaticFactory.json,nl2spec\output\llm\mock\mock-model\random\few_k3\lang\event\Integer_StaticFactory.json,mock,mock-model,random
Long_BadDecodeArg,nl2spec\datasets\baseline_ir\lang\Long_BadDecodeArg.json,nl2spec\output\llm\mock\mock-model\random\few_k3\io\event\Long_BadDecodeArg.json,mock,mock-model,random
Long_BadParsingArgs,nl2spec\datasets\baseline_ir\lang\Long_BadParsingArgs.json,nl2spec\output\llm\mock\mock-model\random\few_k3\util\event\Long_BadParsingArgs.json,mock,mock-model,random
Long_StaticFactory,nl2spec\datasets\baseline_ir\lang\Long_StaticFactory.json,nl2spec\output\llm\mock\mock-model\random\few_k3\lang\event\Long_StaticFactory.json,mock,mock-model,random
Math_ContendedRandom,nl2spec\datasets\baseline_ir\lang\Math_ContendedRandom.json,nl2spec\output\llm\mock\mock-model\random\few_k3\util\ere\Math_ContendedRandom.json,mock,mock-model,random
Object_MonitorOwner,nl2spec\datasets\baseline_ir\lang\Object_MonitorOwner.json,nl2spec\output\llm\mock\mock-model\random\few_k3\util\event\Object_MonitorOwner.json,mock,mock-model,random
Object_NoClone,nl2spec\datasets\baseline_ir\lang\Object_NoClone.json,nl2spec\output\llm\mock\mock-model\random\few_k3\io\event\Object_NoClone.json,mock,mock-model,random
ProcessBuilder_NullKeyOrValue,nl2spec\datasets\baseline_ir\lang\ProcessBuilder_NullKeyOrValue.json,nl2spec\output\llm\mock\mock-model\random\few_k3\net\ere\ProcessBuilder_NullKeyOrValue.json,mock,mock-model,random
ProcessBuilder_ThreadSafe,nl2spec\datasets\baseline_ir\lang\ProcessBuilder_ThreadSafe.json,nl2spec\output\llm\mock\mock-model\random\few_k3\io\ere\ProcessBuilder_ThreadSafe.json,mock,mock-model,random
Runnable_OverrideRun,nl2spec\datasets\baseline_ir\lang\Runnable_OverrideRun.json,nl2spec\output\llm\mock\mock-model\random\few_k3\io\event\Runnable_OverrideRun.json,mock,mock-model,random
RuntimePermission_NullAction,nl2spec\datasets\baseline_ir\lang\RuntimePermission_NullAction.json,nl2spec\output\llm\mock\mock-model\random\few_k3\util\event\RuntimePermission_NullAction.json,mock,mock-model,random
RuntimePermission_PermName,nl2spec\datasets\baseline_ir\lang\RuntimePermission_PermName.json,nl2spec\output\llm\mock\mock-model\random\few_k3\util\event\RuntimePermission_PermName.json,mock,mock-model,random
SecurityManager_Permission,nl2spec\datasets\baseline_ir\lang\SecurityManager_Permission.json,nl2spec\output\llm\mock\mock-model\random\few_k3\net\ere\SecurityManager_Permission.json,mock,mock-model,random
Short_BadDecodeArg,nl2spec\datasets\baseline_ir\lang\Short_BadDecodeArg.json,nl2spec\output\llm\mock\mock-model\random\few_k3\util\event\Short_BadDecodeArg.json,mock,mock-model,random
Short_BadParsingArgs,nl2spec\datasets\baseline_ir\lang\Short_BadParsingArgs.json,nl2spec\output\llm\mock\mock-model\random\few_k3\lang\event\Short_BadParsingArgs.json,mock,mock-model,random
Short_StaticFactory,nl2spec\datasets\baseline_ir\lang\Short_StaticFactory.json,nl2spec\output\llm\mock\mock-model\random\few_k3\util\event\Short_StaticFactory.json,mock,mock-model,random
ShutdownHook_LateRegister,nl2spec\datasets\baseline_ir\lang\ShutdownHook_LateRegister.json,nl2spec\output\llm\mock\mock-model\random\few_k3\io\ere\ShutdownHook_LateRegister.json,mock,mock-model,random
ShutdownHook_PrematureStart,nl2spec\datasets\baseline_ir\lang\ShutdownHook_PrematureStart.json,nl2spec\output\llm\mock\mock-model\random\few_k3\io\fsm\ShutdownHook_PrematureStart.json,mock,mock-model,random
ShutdownHook_SystemExit,nl2spec\datasets\baseline_ir\lang\ShutdownHook_SystemExit.json,nl2spec\output\llm\mock\mock-model\random\few_k3\util\fsm\ShutdownHook_SystemExit.json,mock,mock-model,random
ShutdownHook_UnsafeAWTCall,nl2spec\datasets\baseline_ir\lang\ShutdownHook_UnsafeAWTCall.json,nl2spec\output\llm\mock\mock-model\random\few_k3\io\fsm\ShutdownHook_UnsafeAWTCall.json,mock,mock-model,random
ShutdownHook_UnsafeSwingCall,nl2spec\datasets\baseline_ir\lang\ShutdownHook_UnsafeSwingCall.json,nl2spec\output\llm\mock\mock-model\random\few_k3\net\fsm\ShutdownHook_UnsafeSwingCall.json,mock,mock-model,random
StrictMath_ContendedRandom,nl2spec\datasets\baseline_ir\lang\StrictMath_ContendedRandom.json,nl2spec\output\llm\mock\mock-model\random\few_k3\util\ere\StrictMath_ContendedRandom.json,mock,mock-model,random
StringBuffer_SingleThreadUsage,nl2spec\datasets\baseline_ir\lang\StringBuffer_SingleThreadUsage.json,nl2spec\output\llm\mock\mock-model\random\few_k3\io\ere\StringBuffer_SingleThreadUsage.json,mock,mock-model,random
StringBuilder_ThreadSafe,nl2spec\datasets\baseline_ir\lang\StringBuilder_ThreadSafe.json,nl2spec\output\llm\mock\mock-model\random\few_k3\net\ere\StringBuilder_ThreadSafe.json,mock,mock-model,random
String_UseStringBuilder,nl2spec\datasets\baseline_ir\lang\String_UseStringBuilder.json,nl2spec\output\llm\mock\mock-model\random\few_k3\io\event\String_UseStringBuilder.json,mock,mock-model,random
System_NullArrayCopy,nl2spec\datasets\baseline_ir\lang\System_NullArrayCopy.json,nl2spec\output\llm\mock\mock-model\random\few_k3\io\event\System_NullArrayCopy.json,mock,mock-model,random
System_WrongKeyOrValue,nl2spec\datasets\baseline_ir\lang\System_WrongKeyOrValue.json,nl2spec\output\llm\mock\mock-model\random\few_k3\io\ere\System_WrongKeyOrValue.json,mock,mock-model,random
Thread_SetDaemonBeforeStart,nl2spec\datasets\baseline_ir\lang\Thread_SetDaemonBeforeStart.json,nl2spec\output\llm\mock\mock-model\random\few_k3\io\ere\Thread_SetDaemonBeforeStart.json,mock,mock-model,random
Thread_StartOnce,nl2spec\datasets\baseline_ir\lang\Thread_StartOnce.json,nl2spec\output\llm\mock\mock-model\random\few_k3\lang\ere\Thread_StartOnce.json,mock,mock-model,random
Throwable_InitCauseOnce,nl2spec\datasets\baseline_ir\lang\Throwable_InitCauseOnce.json,nl2spec\output\llm\mock\mock-model\random\few_k3\io\ere\Throwable_InitCauseOnce.json,mock,mock-model,random
Authenticator_OverrideGetPasswordAuthentication,nl2spec\datasets\baseline_ir\net\Authenticator_OverrideGetPasswordAuthentication.json,nl2spec\output\llm\mock\mock-model\random\few_k3\util\event\Authenticator_OverrideGetPasswordAuthentication.json,mock,mock-model,random
ContentHandler_GetContent,nl2spec\datasets\baseline_ir\net\ContentHandler_GetContent.json,nl2spec\output\llm\mock\mock-model\random\few_k3\util\event\ContentHandler_GetContent.json,mock,mock-model,random
DatagramPacket_Length,nl2spec\datasets\baseline_ir\net\DatagramPacket_Length.json,nl2spec\output\llm\mock\mock-model\random\few_k3\net\event\DatagramPacket_Length.json,mock,mock-model,random
DatagramPacket_SetLength,nl2spec\datasets\baseline_ir\net\DatagramPacket_SetLength.json,nl2spec\output\llm\mock\mock-model\random\few_k3\util\event\DatagramPacket_SetLength.json,mock,mock-model,random
DatagramSocket_Port,nl2spec\datasets\baseline_ir\net\DatagramSocket_Port.json,nl2spec\output\llm\mock\mock-model\random\few_k3\io\event\DatagramSocket_Port.json,mock,mock-model,random
DatagramSocket_SoTimeout,nl2spec\datasets\baseline_ir\net\DatagramSocket_SoTimeout.json,nl2spec\output\llm\mock\mock-model\random\few_k3\lang\event\DatagramSocket_SoTimeout.json,mock,mock-model,random
DatagramSocket_TrafficClass,nl2spec\datasets\baseline_ir\net\DatagramSocket_TrafficClass.json,nl2spec\output\llm\mock\mock-model\random\few_k3\io\event\DatagramSocket_TrafficClass.json,mock,mock-model,random
HttpCookie_Domain,nl2spec\datasets\baseline_ir\net\HttpCookie_Domain.json,nl2spec\output\llm\mock\mock-model\random\few_k3\net\event\HttpCookie_Domain.json,mock,mock-model,random
HttpCookie_Name,nl2spec\datasets\baseline_ir\net\HttpCookie_Name.json,nl2spec\output\llm\mock\mock-model\random\few_k3\net\event\HttpCookie_Name.json,mock,mock-model,random
HttpURLConnection_SetBeforeConnect,nl2spec\datasets\baseline_ir\net\HttpURLConnection_SetBeforeConnect.json,nl2spec\output\llm\mock\mock-model\random\few_k3\lang\ere\HttpURLConnection_SetBeforeConnect.json,mock,mock-model,random
IDN_ToAscii,nl2spec\datasets\baseline_ir\net\IDN_ToAscii.json,nl2spec\output\llm\mock\mock-model\random\few_k3\util\event\IDN_ToAscii.json,mock,mock-model,random
InetAddress_IsReachable,nl2spec\datasets\baseline_ir\net\InetAddress_IsReachable.json,nl2spec\output\llm\mock\mock-model\random\few_k3\net\event\InetAddress_IsReachable.json,mock,mock-model,random
InetSocketAddress_Port,nl2spec\datasets\baseline_ir\net\InetSocketAddress_Port.json,nl2spec\output\llm\mock\mock-model\random\few_k3\util\event\InetSocketAddress_Port.json,mock,mock-model,random
MulticastSocket_TTL,nl2spec\datasets\baseline_ir\net\MulticastSocket_TTL.json,nl2spec\output\llm\mock\mock-model\random\few_k3\util\event\MulticastSocket_TTL.json,mock,mock-model,random
NetPermission_Actions,nl2spec\datasets\baseline_ir\net\NetPermission_Actions.json,nl2spec\output\llm\mock\mock-model\random\few_k3\net\event\NetPermission_Actions.json,mock,mock-model,random
NetPermission_Name,nl2spec\datasets\baseline_ir\net\NetPermission_Name.json,nl2spec\output\llm\mock\mock-model\random\few_k3\lang\event\NetPermission_Name.json,mock,mock-model,random
PasswordAuthentication_FillZeroPassword,nl2spec\datasets\baseline_ir\net\PasswordAuthentication_FillZeroPassword.json,nl2spec\output\llm\mock\mock-model\random\few_k3\net\ltl\PasswordAuthentication_FillZeroPassword.json,mock,mock-model,random
ServerSocket_Backlog,nl2spec\datasets\baseline_ir\net\ServerSocket_Backlog.json,nl2spec\output\llm\mock\mock-model\random\few_k3\io\event\ServerSocket_Backlog.json,mock,mock-model,random
ServerSocket_LargeReceiveBuffer,nl2spec\datasets\baseline_ir\net\ServerSocket_LargeReceiveBuffer.json,nl2spec\output\llm\mock\mock-model\random\few_k3\io\ere\ServerSocket_LargeReceiveBuffer.json,mock,mock-model,random
ServerSocket_PerformancePreferences,nl2spec\datasets\baseline_ir\net\ServerSocket_PerformancePreferences.json,nl2spec\output\llm\mock\mock-model\random\few_k3\util\ere\ServerSocket_PerformancePreferences.json,mock,mock-model,random
ServerSocket_Port,nl2spec\datasets\baseline_ir\net\ServerSocket_Port.json,nl2spec\output\llm\mock\mock-model\random\few_k3\util\event\ServerSocket_Port.json,mock,mock-model,random
ServerSocket_ReuseAddress,nl2spec\datasets\baseline_ir\net\ServerSocket_ReuseAddress.json,nl2spec\output\llm\mock\mock-model\random\few_k3\util\ere\ServerSocket_ReuseAddress.json,mock,mock-model,random
ServerSocket_SetTimeoutBeforeBlocking,nl2spec\datasets\baseline_ir\net\ServerSocket_SetTimeoutBeforeBlocking.json,nl2spec\output\llm\mock\mock-model\random\few_k3\net\ere\ServerSocket_SetTimeoutBeforeBlocking.json,mock,mock-model,random
ServerSocket_Timeout,nl2spec\datasets\baseline_ir\net\ServerSocket_Timeout.json,nl2spec\output\llm\mock\mock-model\random\few_k3\io\event\ServerSocket_Timeout.json,mock,mock-model,random
SocketImpl_CloseOutput,nl2spec\datasets\baseline_ir\net\SocketImpl_CloseOutput.json,nl2spec\output\llm\mock\mock-model\random\few_k3\io\ere\SocketImpl_CloseOutput.json,mock,mock-model,random
SocketPermission_Actions,nl2spec\datasets\baseline_ir\net\SocketPermission_Actions.json,nl2spec\output\llm\mock\mock-model\random\few_k3\util\event\SocketPermission_Actions.json,mock,mock-model,random
Socket_CloseInput,nl2spec\datasets\baseline_ir\net\Socket_CloseInput.json,nl2spec\output\llm\mock\mock-model\random\few_k3\util\ere\Socket_CloseInput.json,mock,mock-model,random
Socket_CloseOutput,nl2spec\datasets\baseline_ir\net\Socket_CloseOutput.json,nl2spec\output\llm\mock\mock-model\random\few_k3\net\ere\Socket_CloseOutput.json,mock,mock-model,random
Socket_InputStreamUnavailable,nl2spec\datasets\baseline_ir\net\Socket_InputStreamUnavailable.json,nl2spec\output\llm\mock\mock-model\random\few_k3\lang\ere\Socket_InputStreamUnavailable.json,mock,mock-model,random
Socket_LargeReceiveBuffer,nl2spec\datasets\baseline_ir\net\Socket_LargeReceiveBuffer.json,nl2spec\output\llm\mock\mock-model\random\few_k3\io\ere\Socket_LargeReceiveBuffer.json,mock,mock-model,random
Socket_OutputStreamUnavailable,nl2spec\datasets\baseline_ir\net\Socket_OutputStreamUnavailable.json,nl2spec\output\llm\mock\mock-model\random\few_k3\net\ere\Socket_OutputStreamUnavailable.json,mock,mock-model,random
Socket_PerformancePreferences,nl2spec\datasets\baseline_ir\net\Socket_PerformancePreferences.json,nl2spec\output\llm\mock\mock-model\random\few_k3\util\ere\Socket_PerformancePreferences.json,mock,mock-model,random
Socket_ReuseAddress,nl2spec\datasets\baseline_ir\net\Socket_ReuseAddress.json,nl2spec\output\llm\mock\mock-model\random\few_k3\lang\ere\Socket_ReuseAddress.json,mock,mock-model,random
Socket_ReuseSocket,nl2spec\datasets\baseline_ir\net\Socket_ReuseSocket.json,nl2spec\output\llm\mock\mock-model\random\few_k3\io\ere\Socket_ReuseSocket.json,mock,mock-model,random
Socket_SetTimeoutBeforeBlockingInput,nl2spec\datasets\baseline_ir\net\Socket_SetTimeoutBeforeBlockingInput.json,nl2spec\output\llm\mock\mock-model\random\few_k3\util\fsm\Socket_SetTimeoutBeforeBlockingInput.json,mock,mock-model,random
Socket_SetTimeoutBeforeBlockingOutput,nl2spec\datasets\baseline_ir\net\Socket_SetTimeoutBeforeBlockingOutput.json,nl2spec\output\llm\mock\mock-model\random\few_k3\io\fsm\Socket_SetTimeoutBeforeBlockingOutput.json,mock,mock-model,random
Socket_Timeout,nl2spec\datasets\baseline_ir\net\Socket_Timeout.json,nl2spec\output\llm\mock\mock-model\random\few_k3\lang\event\Socket_Timeout.json,mock,mock-model,random
Socket_TrafficClass,nl2spec\datasets\baseline_ir\net\Socket_TrafficClass.json,nl2spec\output\llm\mock\mock-model\random\few_k3\io\event\Socket_TrafficClass.json,mock,mock-model,random
URLConnection_Connect,nl2spec\datasets\baseline_ir\net\URLConnection_Connect.json,nl2spec\output\llm\mock\mock-model\random\few_k3\lang\ere\URLConnection_Connect.json,mock,mock-model,random
URLConnection_OverrideGetPermission,nl2spec\datasets\baseline_ir\net\URLConnection_OverrideGetPermission.json,nl2spec\output\llm\mock\mock-model\random\few_k3\net\event\URLConnection_OverrideGetPermission.json,mock,mock-model,random
URLConnection_SetBeforeConnect,nl2spec\datasets\baseline_ir\net\URLConnection_SetBeforeConnect.json,nl2spec\output\llm\mock\mock-model\random\few_k3\net\ere\URLConnection_SetBeforeConnect.json,mock,mock-model,random
URLDecoder_DecodeUTF8,nl2spec\datasets\baseline_ir\net\URLDecoder_DecodeUTF8.json,nl2spec\output\llm\mock\mock-model\random\few_k3\util\event\URLDecoder_DecodeUTF8.json,mock,mock-model,random
URLEncoder_EncodeUTF8,nl2spec\datasets\baseline_ir\net\URLEncoder_EncodeUTF8.json,nl2spec\output\llm\mock\mock-model\random\few_k3\lang\event\URLEncoder_EncodeUTF8.json,mock,mock-model,random
URL_SetURLStreamHandlerFactory,nl2spec\datasets\baseline_ir\net\URL_SetURLStreamHandlerFactory.json,nl2spec\output\llm\mock\mock-model\random\few_k3\lang\ere\URL_SetURLStreamHandlerFactory.json,mock,mock-model,random
ArrayDeque_NonNull,nl2spec\datasets\baseline_ir\util\ArrayDeque_NonNull.json,nl2spec\output\llm\mock\mock-model\random\few_k3\lang\event\ArrayDeque_NonNull.json,mock,mock-model,random
ArrayDeque_UnsafeIterator,nl2spec\datasets\baseline_ir\util\ArrayDeque_UnsafeIterator.json,nl2spec\output\llm\mock\mock-model\random\few_k3\lang\ere\ArrayDeque_UnsafeIterator.json,mock,mock-model,random
Arrays_Comparable,nl2spec\datasets\baseline_ir\util\Arrays_Comparable.json,nl2spec\output\llm\mock\mock-model\random\few_k3\net\event\Arrays_Comparable.json,mock,mock-model,random
Arrays_DeepHashCode,nl2spec\datasets\baseline_ir\util\Arrays_DeepHashCode.json,nl2spec\output\llm\mock\mock-model\random\few_k3\lang\event\Arrays_DeepHashCode.json,mock,mock-model,random
Arrays_MutuallyComparable,nl2spec\datasets\baseline_ir\util\Arrays_MutuallyComparable.json,nl2spec\output\llm\mock\mock-model\random\few_k3\net\event\Arrays_MutuallyComparable.json,mock,mock-model,random
Arrays_SortBeforeBinarySearch,nl2spec\datasets\baseline_ir\util\Arrays_SortBeforeBinarySearch.json,nl2spec\output\llm\mock\mock-model\random\few_k3\net\fsm\Arrays_SortBeforeBinarySearch.json,mock,mock-model,random
Collections_Comparable,nl2spec\datasets\baseline_ir\util\Collections_Comparable.json,nl2spec\output\llm\mock\mock-model\random\few_k3\lang\event\Collections_Comparable.json,mock,mock-model,random
Collections_CopySize,nl2spec\datasets\baseline_ir\util\Collections_CopySize.json,nl2spec\output\llm\mock\mock-model\random\few_k3\lang\event\Collections_CopySize.json,mock,mock-model,random
Collections_ImplementComparable,nl2spec\datasets\baseline_ir\util\Collections_ImplementComparable.json,nl2spec\output\llm\mock\mock-model\random\few_k3\io\event\Collections_ImplementComparable.json,mock,mock-model,random
Collections_NewSetFromMap,nl2spec\datasets\baseline_ir\util\Collections_NewSetFromMap.json,nl2spec\output\llm\mock\mock-model\random\few_k3\lang\ere\Collections_NewSetFromMap.json,mock,mock-model,random
Collections_SortBeforeBinarySearch,nl2spec\datasets\baseline_ir\util\Collections_SortBeforeBinarySearch.json,nl2spec\output\llm\mock\mock-model\random\few_k3\io\fsm\Collections_SortBeforeBinarySearch.json,mock,mock-model,random
Collections_SynchronizedCollection,nl2spec\datasets\baseline_ir\util\Collections_SynchronizedCollection.json,nl2spec\output\llm\mock\mock-model\random\few_k3\util\ere\Collections_SynchronizedCollection.json,mock,mock-model,random
Collections_SynchronizedMap,nl2spec\datasets\baseline_ir\util\Collections_SynchronizedMap.json,nl2spec\output\llm\mock\mock-model\random\few_k3\io\ere\Collections_SynchronizedMap.json,mock,mock-model,random
Collections_UnnecessaryNewSetFromMap,nl2spec\datasets\baseline_ir\util\Collections_UnnecessaryNewSetFromMap.json,nl2spec\output\llm\mock\mock-model\random\few_k3\io\event\Collections_UnnecessaryNewSetFromMap.json,mock,mock-model,random
Collection_HashCode,nl2spec\datasets\baseline_ir\util\Collection_HashCode.json,nl2spec\output\llm\mock\mock-model\random\few_k3\net\event\Collection_HashCode.json,mock,mock-model,random
Collection_StandardConstructors,nl2spec\datasets\baseline_ir\util\Collection_StandardConstructors.json,nl2spec\output\llm\mock\mock-model\random\few_k3\lang\event\Collection_StandardConstructors.json,mock,mock-model,random
Collection_UnsafeIterator,nl2spec\datasets\baseline_ir\util\Collection_UnsafeIterator.json,nl2spec\output\llm\mock\mock-model\random\few_k3\lang\ere\Collection_UnsafeIterator.json,mock,mock-model,random
Collection_UnsynchronizedAddAll,nl2spec\datasets\baseline_ir\util\Collection_UnsynchronizedAddAll.json,nl2spec\output\llm\mock\mock-model\random\few_k3\net\ere\Collection_UnsynchronizedAddAll.json,mock,mock-model,random
Deque_OfferRatherThanAdd,nl2spec\datasets\baseline_ir\util\Deque_OfferRatherThanAdd.json,nl2spec\output\llm\mock\mock-model\random\few_k3\util\ere\Deque_OfferRatherThanAdd.json,mock,mock-model,random
Dictionary_NullKeyOrValue,nl2spec\datasets\baseline_ir\util\Dictionary_NullKeyOrValue.json,nl2spec\output\llm\mock\mock-model\random\few_k3\util\event\Dictionary_NullKeyOrValue.json,mock,mock-model,random
Dictionary_Obsolete,nl2spec\datasets\baseline_ir\util\Dictionary_Obsolete.json,nl2spec\output\llm\mock\mock-model\random\few_k3\net\ere\Dictionary_Obsolete.json,mock,mock-model,random
Enumeration_Obsolete,nl2spec\datasets\baseline_ir\util\Enumeration_Obsolete.json,nl2spec\output\llm\mock\mock-model\random\few_k3\lang\ere\Enumeration_Obsolete.json,mock,mock-model,random
EnumMap_NonNull,nl2spec\datasets\baseline_ir\util\EnumMap_NonNull.json,nl2spec\output\llm\mock\mock-model\random\few_k3\util\event\EnumMap_NonNull.json,mock,mock-model,random
EnumSet_NonNull,nl2spec\datasets\baseline_ir\util\EnumSet_NonNull.json,nl2spec\output\llm\mock\mock-model\random\few_k3\util\event\EnumSet_NonNull.json,mock,mock-model,random
InvalidPropertiesFormatException_NonSerializable,nl2spec\datasets\baseline_ir\util\InvalidPropertiesFormatException_NonSerializable.json,nl2spec\output\llm\mock\mock-model\random\few_k3\util\event\InvalidPropertiesFormatException_NonSerializable.json,mock,mock-model,random
Iterator_HasNext,nl2spec\datasets\baseline_ir\util\Iterator_HasNext.json,nl2spec\output\llm\mock\mock-model\random\few_k3\util\ltl\Iterator_HasNext.json,mock,mock-model,random
Iterator_RemoveOnce,nl2spec\datasets\baseline_ir\util\Iterator_RemoveOnce.json,nl2spec\output\llm\mock\mock-model\random\few_k3\io\ere\Iterator_RemoveOnce.json,mock,mock-model,random
ListIterator_hasNextPrevious,nl2spec\datasets\baseline_ir\util\ListIterator_hasNextPrevious.json,nl2spec\output\llm\mock\mock-model\random\few_k3\net\fsm\ListIterator_hasNextPrevious.json,mock,mock-model,random
ListIterator_RemoveOnce,nl2spec\datasets\baseline_ir\util\ListIterator_RemoveOnce.json,nl2spec\output\llm\mock\mock-model\random\few_k3\lang\ere\ListIterator_RemoveOnce.json,mock,mock-model,random
ListIterator_Set,nl2spec\datasets\baseline_ir\util\ListIterator_Set.json,nl2spec\output\llm\mock\mock-model\random\few_k3\util\ere\ListIterator_Set.json,mock,mock-model,random
List_UnsafeListIterator,nl2spec\datasets\baseline_ir\util\List_UnsafeListIterator.json,nl2spec\output\llm\mock\mock-model\random\few_k3\lang\ere\List_UnsafeListIterator.json,mock,mock-model,random
List_UnsynchronizedSubList,nl2spec\datasets\baseline_ir\util\List_UnsynchronizedSubList.json,nl2spec\output\llm\mock\mock-model\random\few_k3\io\ere\List_UnsynchronizedSubList.json,mock,mock-model,random
Map_CollectionViewAdd,nl2spec\datasets\baseline_ir\util\Map_CollectionViewAdd.json,nl2spec\output\llm\mock\mock-model\random\few_k3\net\ere\Map_CollectionViewAdd.json,mock,mock-model,random
Map_ItselfAsKey,nl2spec\datasets\baseline_ir\util\Map_ItselfAsKey.json,nl2spec\output\llm\mock\mock-model\random\few_k3\util\event\Map_ItselfAsKey.json,mock,mock-model,random
Map_ItselfAsValue,nl2spec\datasets\baseline_ir\util\Map_ItselfAsValue.json,nl2spec\output\llm\mock\mock-model\random\few_k3\io\event\Map_ItselfAsValue.json,mock,mock-model,random
Map_StandardConstructors,nl2spec\datasets\baseline_ir\util\Map_StandardConstructors.json,nl2spec\output\llm\mock\mock-model\random\few_k3\lang\event\Map_StandardConstructors.json,mock,mock-model,random
Map_UnsafeIterator,nl2spec\datasets\baseline_ir\util\Map_UnsafeIterator.json,nl2spec\output\llm\mock\mock-model\random\few_k3\lang\ere\Map_UnsafeIterator.json,mock,mock-model,random
Map_UnsynchronizedAddAll,nl2spec\datasets\baseline_ir\util\Map_UnsynchronizedAddAll.json,nl2spec\output\llm\mock\mock-model\random\few_k3\util\ere\Map_UnsynchronizedAddAll.json,mock,mock-model,random
NavigableMap_Modification,nl2spec\datasets\baseline_ir\util\NavigableMap_Modification.json,nl2spec\output\llm\mock\mock-model\random\few_k3\util\ere\NavigableMap_Modification.json,mock,mock-model,random
NavigableMap_UnsafeIterator,nl2spec\datasets\baseline_ir\util\NavigableMap_UnsafeIterator.json,nl2spec\output\llm\mock\mock-model\random\few_k3\util\ere\NavigableMap_UnsafeIterator.json,mock,mock-model,random
NavigableSet_Modification,nl2spec\datasets\baseline_ir\util\NavigableSet_Modification.json,nl2spec\output\llm\mock\mock-model\random\few_k3\io\ere\NavigableSet_Modification.json,mock,mock-model,random
PriorityQueue_NonComparable,nl2spec\datasets\baseline_ir\util\PriorityQueue_NonComparable.json,nl2spec\output\llm\mock\mock-model\random\few_k3\io\event\PriorityQueue_NonComparable.json,mock,mock-model,random
PriorityQueue_NonNull,nl2spec\datasets\baseline_ir\util\PriorityQueue_NonNull.json,nl2spec\output\llm\mock\mock-model\random\few_k3\util\event\PriorityQueue_NonNull.json,mock,mock-model,random
Properties_ManipulateAfterLoad,nl2spec\datasets\baseline_ir\util\Properties_ManipulateAfterLoad.json,nl2spec\output\llm\mock\mock-model\random\few_k3\lang\ere\Properties_ManipulateAfterLoad.json,mock,mock-model,random
Random_OverrideNext,nl2spec\datasets\baseline_ir\util\Random_OverrideNext.json,nl2spec\output\llm\mock\mock-model\random\few_k3\util\event\Random_OverrideNext.json,mock,mock-model,random
ResourceBundleControl_MutateFormatList,nl2spec\datasets\baseline_ir\util\ResourceBundleControl_MutateFormatList.json,nl2spec\output\llm\mock\mock-model\random\few_k3\util\ere\ResourceBundleControl_MutateFormatList.json,mock,mock-model,random
Scanner_ManipulateAfterClose,nl2spec\datasets\baseline_ir\util\Scanner_ManipulateAfterClose.json,nl2spec\output\llm\mock\mock-model\random\few_k3\util\ere\Scanner_ManipulateAfterClose.json,mock,mock-model,random
Scanner_SearchAfterClose,nl2spec\datasets\baseline_ir\util\Scanner_SearchAfterClose.json,nl2spec\output\llm\mock\mock-model\random\few_k3\io\ere\Scanner_SearchAfterClose.json,mock,mock-model,random
ServiceLoaderIterator_Remove,nl2spec\datasets\baseline_ir\util\ServiceLoaderIterator_Remove.json,nl2spec\output\llm\mock\mock-model\random\few_k3\util\ere\ServiceLoaderIterator_Remove.json,mock,mock-model,random
ServiceLoader_MultipleConcurrentThreads,nl2spec\datasets\baseline_ir\util\ServiceLoader_MultipleConcurrentThreads.json,nl2spec\output\llm\mock\mock-model\random\few_k3\util\ere\ServiceLoader_MultipleConcurrentThreads.json,mock,mock-model,random
Set_ItselfAsElement,nl2spec\datasets\baseline_ir\util\Set_ItselfAsElement.json,nl2spec\output\llm\mock\mock-model\random\few_k3\lang\event\Set_ItselfAsElement.json,mock,mock-model,random
SortedMap_StandardConstructors,nl2spec\datasets\baseline_ir\util\SortedMap_StandardConstructors.json,nl2spec\output\llm\mock\mock-model\random\few_k3\net\event\SortedMap_StandardConstructors.json,mock,mock-model,random
SortedSet_Comparable,nl2spec\datasets\baseline_ir\util\SortedSet_Comparable.json,nl2spec\output\llm\mock\mock-model\random\few_k3\io\event\SortedSet_Comparable.json,mock,mock-model,random
SortedSet_StandardConstructors,nl2spec\datasets\baseline_ir\util\SortedSet_StandardConstructors.json,nl2spec\output\llm\mock\mock-model\random\few_k3\lang\event\SortedSet_StandardConstructors.json,mock,mock-model,random
StringTokenizer_HasMoreElements,nl2spec\datasets\baseline_ir\util\StringTokenizer_HasMoreElements.json,nl2spec\output\llm\mock\mock-model\random\few_k3\net\ltl\StringTokenizer_HasMoreElements.json,mock,mock-model,random
TreeMap_Comparable,nl2spec\datasets\baseline_ir\util\TreeMap_Comparable.json,nl2spec\output\llm\mock\mock-model\random\few_k3\net\event\TreeMap_Comparable.json,mock,mock-model,random
TreeSet_Comparable,nl2spec\datasets\baseline_ir\util\TreeSet_Comparable.json,nl2spec\output\llm\mock\mock-model\random\few_k3\lang\event\TreeSet_Comparable.json,mock,mock-model,random
Vector_InsertIndex,nl2spec\datasets\baseline_ir\util\Vector_InsertIndex.json,nl2spec\output\llm\mock\mock-model\random\few_k3\io\event\Vector_InsertIndex.json,mock,mock-model,random
